# D32 checkpoint set: first 50 distinct events of the seed-shuffled work order (WORK_ORDER_SEED), same at L1 and L2: true
# 50 events, 100 ladder runs per level, 200 in total. qwen provider per event per D29.
event_id,symbol,report_date,qwen_provider
ABBV_2025-10-31,ABBV,2025-10-31,SiliconFlow
ADI_2025-05-22,ADI,2025-05-22,DeepInfra
AIG_2025-05-01,AIG,2025-05-01,DeepInfra
AMP_2026-04-23,AMP,2026-04-23,SiliconFlow
ANET_2025-11-04,ANET,2025-11-04,SiliconFlow
A_2025-08-27,A,2025-08-27,SiliconFlow
BALL_2025-11-04,BALL,2025-11-04,DeepInfra
CARR_2025-05-01,CARR,2025-05-01,SiliconFlow
CDNS_2025-10-27,CDNS,2025-10-27,SiliconFlow
CDNS_2026-04-27,CDNS,2026-04-27,SiliconFlow
CFG_2026-01-21,CFG,2026-01-21,DeepInfra
CF_2025-05-07,CF,2025-05-07,DeepInfra
CINF_2025-10-27,CINF,2025-10-27,SiliconFlow
CL_2026-01-30,CL,2026-01-30,SiliconFlow
CNC_2026-04-28,CNC,2026-04-28,DeepInfra
CTSH_2026-02-04,CTSH,2026-02-04,DeepInfra
DECK_2025-07-24,DECK,2025-07-24,SiliconFlow
EG_2026-02-04,EG,2026-02-04,DeepInfra
ETN_2025-08-05,ETN,2025-08-05,SiliconFlow
EXPD_2025-05-06,EXPD,2025-05-06,SiliconFlow
FDX_2025-09-18,FDX,2025-09-18,SiliconFlow
FITB_2025-10-17,FITB,2025-10-17,SiliconFlow
GPN_2025-05-06,GPN,2025-05-06,SiliconFlow
HBAN_2025-10-17,HBAN,2025-10-17,SiliconFlow
HSY_2025-05-01,HSY,2025-05-01,SiliconFlow
HWM_2025-05-01,HWM,2025-05-01,SiliconFlow
KEY_2025-07-22,KEY,2025-07-22,SiliconFlow
LIN_2025-08-01,LIN,2025-08-01,SiliconFlow
LOW_2025-11-19,LOW,2025-11-19,SiliconFlow
MAR_2025-08-05,MAR,2025-08-05,DeepInfra
MCHP_2025-05-08,MCHP,2025-05-08,DeepInfra
MCHP_2026-02-05,MCHP,2026-02-05,SiliconFlow
MS_2026-04-15,MS,2026-04-15,DeepInfra
MTD_2025-11-06,MTD,2025-11-06,DeepInfra
NFLX_2025-10-21,NFLX,2025-10-21,SiliconFlow
NWSA_2026-02-05,NWSA,2026-02-05,DeepInfra
O_2026-05-06,O,2026-05-06,DeepInfra
PH_2025-08-07,PH,2025-08-07,DeepInfra
PKG_2025-07-23,PKG,2025-07-23,SiliconFlow
PSX_2026-02-04,PSX,2026-02-04,SiliconFlow
PWR_2025-10-30,PWR,2025-10-30,DeepInfra
QCOM_2025-11-05,QCOM,2025-11-05,DeepInfra
SCHW_2025-10-16,SCHW,2025-10-16,DeepInfra
SRE_2025-08-07,SRE,2025-08-07,DeepInfra
TFC_2026-04-17,TFC,2026-04-17,SiliconFlow
TPR_2025-08-14,TPR,2025-08-14,DeepInfra
TT_2026-01-29,TT,2026-01-29,DeepInfra
TXN_2025-10-21,TXN,2025-10-21,SiliconFlow
URI_2025-10-22,URI,2025-10-22,DeepInfra
ZBH_2025-08-07,ZBH,2025-08-07,DeepInfra
